"","knapper","assessment","width_0.1","width_0.2","width_0.3","width_0.4","width_0.5","width_0.6","width_0.7","width_0.8","width_0.9","thickness_0.1","thickness_0.2","thickness_0.3","thickness_0.4","thickness_0.5","thickness_0.6","thickness_0.7","thickness_0.8","thickness_0.9","max_length"
"1",1,1,1.12936760623287,1.2593748413522,1.39748411237773,1.37715877374596,1.41237687202036,1.35954972460876,1.24513773779446,1.09958208694761,0.713634815831496,0.535477053361682,0.772460958287573,0.912387112063546,0.980663109880442,0.940597286694886,0.889818972358474,0.793904378611918,0.763997905898171,0.495411230176126,2.09201123659226
"2",1,2,1.09034496216818,1.39409240004944,1.85779405216751,1.82241264069254,1.7191838633678,1.56513254992642,1.53266659555162,1.4515736962097,1.22672356652084,0.636358666266112,0.689583400728345,0.687117718141437,0.723011821547411,0.637591507559566,0.636358666266112,0.585585443801207,0.562076435688096,0.515639413634651,1.76259178019264
"3",1,5,0.667627212471266,0.928997463355488,1.06496618933546,1.30251442623397,1.53658098416534,1.65227045721388,1.65312560643388,1.61690392875818,1.37850054263966,0.390203915740063,0.60139402963315,0.835934815422182,1.04712492931527,1.11361783126407,0.960167123367033,0.827902761443556,0.663486135539771,0.412135751753556,2.49886818501368
"4",1,6,0.894976704103349,1.27402095221868,1.57881735659019,1.83144681234745,1.95299180003948,1.87200628134676,1.79095405300109,1.52865169756472,1.21131387843684,0.341532412237825,0.544208944477081,0.700608937931115,0.785992040990571,0.825912778194623,0.75728587930371,0.74291966663883,0.581713426534573,0.335938256300678,2.69173449691191
"5",1,7,0.841995250232019,1.1799537227627,1.3501044888932,1.43724399600659,1.49531840503671,1.51144088746678,1.58162110510356,1.45258545852656,0.941240565952073,0.345023671762495,0.541640382540893,0.70788165643295,0.933512070846096,0.978361414390498,0.987608022437606,0.95066551712826,0.792989984657514,0.538982806356333,2.18908723375767
"6",1,8,0.559380594961109,0.898656449722909,1.11390901396951,1.2276005160337,1.3146887085641,1.27900848367052,1.20584938245262,1.01113490779891,0.939774458011757,0.624291128804621,0.899737419141641,1.00615460963296,1.04213751913831,1.07120380530624,0.973646479947127,0.932245548827476,0.866224732256801,0.704112255748513,2.16172804513498
"7",1,9,0.708577780069893,1.05748164023923,1.29810896407342,1.45464919054095,1.61700640114137,1.58786388657457,1.56787880247441,1.48960868924065,1.33721522373915,0.3452006176006,0.586754885815207,0.727429125935683,0.84960075807126,0.899009070325051,0.905856849260638,0.83379644708416,0.70067290360458,0.500976251002867,2.9539912492713
"8",10,1,0.448791073446031,0.846210543258445,1.05634226237681,1.30052133156298,1.50830307306832,1.85834043612504,1.89703309077675,1.81565828459541,1.22308137161741,0.308431872209713,0.500720371821726,0.877207354725497,1.02891667673113,1.03453235295343,1.03765217307693,0.979580486778083,0.779804418869664,0.498848479747625,2.84675195029271
"9",10,2,1.05185717033559,1.34043364515253,1.44212907460728,1.64269506047635,1.70892263953484,1.87408354996412,1.91946984348003,1.65267627855246,1.26152552489043,0.302901522163244,0.488112358250985,0.615861866088927,0.671148313957659,0.786713548751664,0.803939589951711,0.770920951439138,0.587168273788704,0.373263845400741,3.57691701872296
"10",10,3,0.841408304025156,1.17552393058761,1.60534128197271,1.77237283243154,1.89538789254933,1.91666077869267,1.9318406900394,1.71921687989559,1.28183583565952,0.335750538955277,0.508712937811026,0.868927192434207,0.893969930958156,0.799154938280776,0.746670652257834,0.614860234956717,0.472937597062527,0.32323950938716,3.08745740124844
"11",10,4,0.59108447865977,0.946403327559405,1.4087075921228,1.68583561306892,1.9698838802327,2.17001421912491,2.27349974014985,2.0802896474753,1.66054091999749,0.247710867868844,0.450075928319977,0.705052146548565,0.758571473120986,0.80394859670404,0.872906792790916,0.78763287455996,0.588900489288698,0.358413512358902,3.22308479010818
"12",10,5,0.799224139627522,1.19316865831429,1.53670180118728,1.69768013933818,1.87735145313601,1.89465239868157,1.89176890775731,1.67322018184274,1.34261303276815,0.276566160465566,0.430840362644589,0.573683946443436,0.742794464944673,0.815958251768473,0.889082892638916,0.905093587561834,0.644538122019186,0.40684389323689,3.04158577148618
"13",10,9,0.478377277368926,0.896248337837435,1.30824435269173,1.7905383271368,1.99359881175684,2.21421690395959,2.22792534372609,2.12244463970996,1.71828201900795,0.221145033120814,0.400044399298976,0.563603457216655,0.682630424430154,0.886095552883338,0.886095552883338,0.83236459448743,0.744815833479154,0.514471932666611,3.25693620659279
"14",11,1,1.12781259556441,1.31771898406606,1.43368569513456,1.70933188254649,1.86395416397116,1.86651182576916,1.66899058055074,1.15803950772262,0.600062335017597,0.290757812666562,0.532701267645774,0.810917932627072,0.803022502058795,0.85378211075572,0.795104186184523,0.692257621042962,0.698848589169524,0.85181397444015,2.4117588181614
"15",11,2,0.457805881330287,0.609023472782168,0.797693189630418,1.04428391625009,1.33596551859449,1.60398924370832,1.90531198724387,2.23229499887278,1.45818552384839,0.269321279064568,0.448567086976253,0.65099601452988,0.77050295243223,0.87841833051361,1.04338637330576,1.19232477795758,1.32786135400026,0.984523439806827,3.74224603465516
"16",11,3,0.63430150372159,0.858311085388446,1.05682045197939,1.17215988632274,1.30920719606405,1.47090471371208,1.51438584967485,1.64005614038229,1.58147103087456,0.378976545878834,0.54249094741547,0.66909104608631,0.724900117643525,0.751646254796636,0.879018619217807,0.945047340871061,1.06770888421522,0.804314778969173,3.66614630591378
"17",11,4,0.662479583721231,1.04373655215205,1.20841242587582,1.22230075257541,1.2972465155488,1.34262358296821,1.3712962574448,1.3879366488821,1.33609542940435,0.456602866800972,0.661080117730275,0.78560588163571,0.931650261966732,1.03312036541618,0.956242966453115,0.813272674182891,0.727173011037429,0.519621672047329,3.29607753469649
"18",11,5,0.571289127914761,0.966356462684971,1.09880914750439,1.3259176422905,1.61332115172262,1.80844138229354,1.69963219711144,1.51277491970097,1.16736711531086,0.310980013892965,0.549134982585309,0.696749835373652,0.818758358690747,1.02541271075054,1.10020251833826,0.889618641504266,0.774470681932298,0.521563890726958,3.59479368188094
"19",11,6,0.844453790676292,0.972675605980838,1.20124230545078,1.41846514549613,1.51790493449466,1.50565597990322,1.57546898710668,1.28933823502472,1.1227403846455,0.392065370965489,0.591708934804193,0.730585216836685,0.707447088424156,0.810167075339738,0.885377870569788,1.02862521587528,0.969307036567187,0.717567050132305,2.22774090402063
"20",11,7,0.701001385571476,1.11455081115903,1.42447265950374,1.47466033778327,1.56121375643618,1.60290131247396,1.49069969888291,1.33895403834113,1.02585388341908,0.395353169381589,0.843231914409709,0.947410064445487,0.970573697805398,0.884204773418193,0.810290666968228,0.687401189984682,0.565413814300329,0.430971620678738,3.23226387505701
"21",11,8,0.565328354512788,0.677348969364839,0.801287920073791,1.2409747044695,1.4107082461557,1.47435098541127,1.64414323811155,1.55331729934,1.40988629195868,0.517627735889671,0.594899751656357,0.729056730271328,0.924305523924094,1.09637040138961,1.24037418787673,1.09637040138961,0.870933976091226,0.555558749312684,2.34256946152874
"22",11,9,0.739794439414207,0.972566443555416,1.12098529023261,1.42735070146998,1.6327715844471,1.90349018912227,2.07449629802205,1.94028689267035,1.34661150596158,0.397419402599405,0.537793497528942,0.664327437510347,0.751313458095571,0.753318340354413,0.709792993251174,0.741450730854495,0.680140137906695,0.492327941788115,3.6410666702822
"23",13,1,0.629139142819163,0.895007759290198,1.02306061982791,1.17290971194652,1.22104305668764,1.41471165604699,1.45739594289289,1.24291496962819,0.889558701394976,0.502863900359034,0.675381645401329,0.836874940415014,0.961689592225406,1.03510647025377,1.0571255745001,1.05346068976086,0.989220921486042,0.777253522827858,2.19475943001994
"24",13,2,0.634148830611756,0.782741159578794,0.867228624520962,0.957841430671437,1.17564307467027,1.29832591438837,1.1186492389447,1.13290649865369,0.800061089891939,0.704089926835961,0.949832584462205,0.960726145394709,1.02446595039291,1.16411419461162,1.21443801108226,1.16411419461162,1.05928099500162,0.772015298502885,1.76895629722664
"25",13,3,0.537980518386431,0.82996028790181,1.19707808974132,1.36891493808155,1.49847446659205,1.63926898178541,1.64303562471954,1.55666260571255,1.32384510711099,0.304793309923154,0.594143690629498,0.87418740538399,1.04901977290807,1.15267148655864,1.12326855841405,0.945342491493892,0.703215770164115,0.422379454737899,2.72172423051368
"26",13,4,0.700844620094958,0.959024709071412,1.08953763888467,1.3463439075473,1.50099682287489,1.48539414931075,1.47827972268559,1.17608831865557,0.929242247268161,0.452190097388931,0.678005050546974,0.909653717636045,0.914347732487833,0.934804365113527,0.92427663633071,0.918442922399681,0.844729503986414,0.694385810194366,2.37229329190642
"27",13,5,0.533051901459246,0.876715738270344,1.20903933553959,1.525535111844,1.72802206280788,1.87532389086755,1.96562130625695,1.90516024303114,1.48187215745826,0.340555764084755,0.533419579443466,0.653869932065983,0.785804252896911,0.892621869870775,0.95214272796551,0.943547658204537,0.719837092481447,0.476787619796169,2.51122630710209
"28",14,1,0.797520478853164,1.04314266861961,1.18497347005473,1.42497471561684,1.78027067718427,2.1355666387517,1.89177452384248,1.37765420859425,0.950593168696969,0.501160544422956,0.555609903223478,0.642070132698788,0.760592697271191,0.944732400284678,0.814990591649407,0.70454794137916,0.619683108995359,0.469149673748168,3.52420129648931
"29",14,2,1.31515258619904,1.60481009124946,1.73096364912512,1.74408864573863,1.84706401810532,1.98026877097015,2.03074415688277,1.92378939724497,1.36360337157021,0.301903507293648,0.415969380861441,0.536741778079966,0.551831456294115,0.565244503595581,0.618924178554111,0.640720380418993,0.637367118593627,0.513241459549734,2.95312423804116
"30",14,4,0.69897314085169,1.15223808284606,1.44981943746423,1.66487823155803,1.82248542174366,1.91892204258954,1.85217302510246,1.69084686948528,1.24219857423354,0.264937158594801,0.488398209369568,0.750255583938779,0.762524231778424,0.797866015678635,0.800920555572868,0.821671231548564,0.736421799954982,0.512203425239496,2.57891016650353
"31",14,5,0.937755187603298,1.21083022764918,1.42835243937187,1.52246010282674,1.76635851088108,1.90475213360884,1.92643922837041,1.87648727136703,1.53568076419791,0.359425994145017,0.474833070735596,0.618906024159825,0.683211944641756,0.690955321031526,0.708775342855665,0.701801176041038,0.675468568251986,0.508909054914418,2.543186337656
"32",14,6,0.787171136438876,1.06361085568594,1.34005057493301,1.52549020945956,1.64517193523228,1.87608246410989,1.99745477441618,1.91315873181152,1.57434227287775,0.374792905689865,0.480850347036642,0.558195851762597,0.685781507777904,0.668223848693229,0.63315443290057,0.730421569110837,0.755162950147804,0.51672305442141,3.78224567371356
"33",14,7,0.746162902537085,1.19540309967182,1.39696052057182,1.57063509001545,1.69499557377163,1.74749838981181,1.69499557377163,1.46236657106254,1.12999704918109,0.275050619419516,0.477842425224415,0.703523487544004,0.892184680908712,0.93802158489859,0.923920167938646,0.893060545316162,0.782876802858965,0.507796987959201,2.4264013288624
"34",14,8,1.06372931549465,1.48185734254938,1.70770455049602,1.85799834688736,1.95120605291831,1.9948772024107,1.9704864008325,1.75892523381023,1.34921784063368,0.298574688610439,0.41366964093948,0.56125365311349,0.688534860824211,0.746768242544924,0.750152043288805,0.742035494207198,0.603231073152449,0.36830842015664,2.49192689457201
"35",14,9,0.839837393052891,1.14053323243326,1.5047889148802,1.76873560863299,1.80887461255746,1.91580923337733,1.86673333030654,1.70640844131075,1.44577456362082,0.37771926781577,0.584095393907354,0.654100699465757,0.639359547602072,0.631079024024324,0.665171729157619,0.770210019083421,0.670692078209451,0.475386981809729,2.58399652903348
"36",15,1,0.914595814536129,0.971419276701733,1.07502569171302,1.18179704987951,1.20860812005624,1.31483379836838,1.25277180960108,1.20438819584932,0.929329170603395,0.622762504633865,0.961169948161967,1.08952645353267,1.05758771140182,0.980204292687481,0.90958100235241,0.838327530558254,0.762175830150309,0.563181712138651,1.79674186706732
"37",15,2,0.491721140601095,0.919358323028614,1.19461124722223,1.43517256713535,1.63469550614116,1.66501214789251,1.5081913079389,1.30595712454882,0.840054424788813,0.392470576670244,0.526722781596263,0.733583741372946,0.861213096290869,0.990322282162982,1.04388731079989,1.11064952040531,0.986659094063265,0.705709548481729,2.74390255525899
"38",15,3,0.669142339318949,1.0604354086538,1.32661329883773,1.50696630135322,1.57317119711622,1.66337285220974,1.64083501535425,1.50263984159971,1.09972570013625,0.721043615301743,0.832928669081157,0.840118308755776,0.845505586969266,0.718647068743537,0.657010268006851,0.637263516614025,0.651028804696286,0.52716101812584,2.2552929156957
"39",15,4,0.914413644161295,1.32817822334657,1.63470425888104,1.70323971340688,1.91929651863197,1.915772532495,1.79370894371626,1.63470425888104,1.35096261647351,0.329650101503827,0.410597488739075,0.506016852711122,0.652052254327903,0.824830912129379,0.805311684001731,0.68819631523584,0.654946649675263,0.529148094867293,2.86961836636133
"40",15,5,0.5574817012571,0.915414332015351,1.33583561500758,1.61759724408536,1.64839733807747,1.65870352337482,1.57477326724634,1.32043556801153,0.972749891600654,0.36462013148134,0.673413926638407,0.858988690409736,0.99671230876026,0.969148929672837,0.879276456743118,0.799547866980091,0.70892917735765,0.578457852489519,2.79155467278444
"41",16,1,1.12179296535389,1.34564386407866,1.47531746162004,1.63312578750237,1.71875690052807,1.71202995044354,1.52790613429343,1.2196510505458,0.899761304702287,0.355436012117441,0.662251296020307,0.701361083566666,0.788092201008698,0.847739624008489,0.862780568707962,0.855768123837001,0.737456019517671,0.470250222320614,1.97323869146164
"42",16,2,0.636669248085129,0.943411490155604,1.12328878794725,1.31345595288266,1.61192722579327,1.65712449033614,1.65901313683721,1.40665088884929,0.829506568418606,0.353422527433624,0.511878071509349,0.707614256537519,0.824891871198096,0.939067039121916,1.02606374802951,1.07421577258844,1.03926837670249,0.87304389575703,2.20059880245464
"43",16,3,0.994864434784937,1.3243439070214,1.56748106366115,1.79391057330451,1.85127738921519,1.83784116960271,1.71784988662865,1.49153721367757,1.11824398183519,0.24236713843943,0.421716060962743,0.574431737489391,0.717349691395504,0.815418914996351,0.865879486426994,0.87287128848484,0.72434149345335,0.599639023855838,2.45590727177679
"44",16,4,0.629389429562004,1.03521745541081,1.30576947264334,1.70132465874008,1.82480215833418,1.98957443950588,2.04104034955086,1.70569824398106,1.28664775112465,0.252636415357301,0.436918042156207,0.585800938383572,0.700526462238171,0.793267932830581,0.876278756897102,0.934862855116746,0.849409358465536,0.600456973891699,2.8296079396275
"45",16,5,0.542699646416801,0.997872749988745,1.37823609299289,1.66353052573269,1.89173099114583,2.02109136258487,1.8321813693105,1.61783781148202,1.26413586028632,0.296770957565341,0.530389607813985,0.697713873126568,0.843975859891755,0.955536879541972,1.01551258091382,0.97445840190914,0.874498899622734,0.313586252077769,2.33901091951132
"46",16,6,0.626487573141427,1.00420611746483,1.32262670940254,1.62608162764292,1.9431844873054,2.25068672610544,2.32560921832608,1.9758454229845,1.60848048939511,0.224637037471569,0.400989340560845,0.487479417343861,0.606542235126136,0.764885036365992,0.913148445624281,0.992894223360806,0.845779568335711,0.498707563558623,2.93477802442153
"47",16,7,0.891752376488047,1.4017158983993,1.67032623877349,1.62533777937795,1.66353552792133,1.67306138620005,1.70720357131784,1.45623021607355,1.03897876037994,0.351677725726016,0.558169102852231,0.696597416811326,0.77825081337679,0.812300910989582,0.848616064168766,0.819096077688755,0.584272939953423,0.378932656639637,3.081285049166
"48",16,8,0.557944163513767,0.978487061873032,1.25328959218204,1.48600874276129,1.68081406505868,1.97520379054144,2.11405955038706,2.19250529739482,1.92613883629431,0.332434114705408,0.480059599497072,0.617224938741046,0.753206830861012,0.903161034187016,0.926410043816735,0.79390214164144,0.652079365328786,0.425430153224284,2.42706680791616
"49",16,9,0.951939570736963,1.29665417139907,1.49199686112862,1.54757248563967,1.7065492422863,1.72953463168479,1.74291517536921,1.63282377139142,1.58201744957977,0.318214301936052,0.541423301302604,0.655414017067436,0.789198590820259,0.889706533752692,0.948305741788285,0.822423063912091,0.519256266665197,0.355402762398338,2.31377421236115
"50",17,1,0.689035144302305,1.11878284668691,1.41349125128662,1.59189499985852,1.64315297970583,1.66773282969109,1.66918164198697,1.65619229036874,0.952669023107646,0.488457840834452,0.764511066094641,0.878138389381289,0.958466239182687,0.91800728055353,0.84839898955276,0.650864073892762,0.559836334205968,0.414089672347899,2.16272704443495
"51",17,2,0.942150957514218,1.12194339952425,1.27667094345245,1.28920339249336,1.52057168247946,1.57841375497598,1.61393842783427,1.65577752694008,1.47598508493006,0.402617260526987,0.528359246210048,0.53758209635221,0.500671718725655,0.632182730012044,0.830606847473874,1.06017231695893,0.951737408085853,0.707749374592477,2.82799532780923
"52",17,3,0.574939030920378,0.930566496717634,1.21370710162203,1.3751008289642,1.50634145519361,1.67985613209201,1.67119831098042,1.63238738875607,1.44072114207891,0.305339230025472,0.562182437913556,0.84255667738648,0.967405137673283,0.949586434435212,0.890370981326106,0.761949377382065,0.694882411236659,0.629249404058961,2.85708096682315
"53",17,4,0.417807525108114,0.855703778482462,1.1048800546428,1.28263678267681,1.44936689014829,1.59233272916602,1.69860653769117,1.82959518540822,1.40361275195201,0.275964906421918,0.423739984691245,0.538357359259755,0.698956410216982,0.883681495394441,1.04502902724785,1.24105617395764,1.26593068907406,0.997525439703565,3.07858176395453
"54",17,5,0.652702567820048,0.896685573303922,1.1129494746777,1.206192698652,1.50177166030119,1.70808687331863,1.81223934866298,1.76167256715521,1.55137787879524,0.329606014998962,0.507591102101746,0.718531388212785,0.880849249557545,0.915479220974417,0.901459755166807,0.856132850301353,0.815749225287139,0.554565766917612,2.95990631512214
"55",17,6,0.624862089931501,1.12940144884938,1.45385939776295,1.76902871103825,1.87694869735568,1.78765967385026,1.79619662799179,1.6510684075858,1.17756275617612,0.284945629247274,0.539134886791671,0.7132941627092,0.785650905210196,0.826004110420363,0.890032323401816,0.853526306954484,0.756205114294658,0.555791945830755,2.07088252351418
"56",17,7,1.032177155044,1.22856374596163,1.37563658457998,1.40348799940058,1.43307625078014,1.44920401882771,1.47792385192779,1.42408191859977,1.24655241032237,0.443855518268396,0.577024384354645,0.710168829229434,0.800429626782116,0.917309544825173,0.948373325801096,0.867001849219511,0.712391159472209,0.45052250899672,2.12700448596507
"57",19,1,1.03045677419428,1.24394701436387,1.29081164446286,1.4008154385859,1.37248569434599,1.29190414789765,1.2259772164883,1.2156549426562,1.08711626267409,0.673092463716351,0.802513926816013,0.816604047139721,0.805153970413508,0.728548210969346,0.754963478649898,0.764648582409247,0.795468866654159,0.616746814127121,2.04938575352498
"58",19,2,0.694789279952913,0.91381308142066,1.09999631883223,1.33976495185229,1.55976421561874,1.69606881415686,1.71018050207803,1.64436931232585,1.17237562139565,0.40685226741775,0.535096116608833,0.611443323294361,0.722891811122029,0.854182379828732,0.964120309241092,1.04044191324162,0.873281982842617,0.539678997224765,3.15334445759236
"59",19,3,0.908128767285629,1.21933606914,1.38074363339261,1.39352693616,1.34680176052748,1.57624000502493,1.7387495781368,1.56984835364124,1.16834979258501,0.377951437373238,0.481181611092155,0.620306614058809,0.644805341192439,0.709537515129938,0.766402329232317,0.811032241826402,0.877528786903395,0.79790069268984,3.0863594784944
"60",19,4,0.785685133334061,1.16659621052894,1.41984724718647,1.57343931108526,1.57143923481536,1.64916633675246,1.58537080055741,1.50164346981061,1.11473216380604,0.370201464347013,0.596873154560367,0.681671392286326,0.763211292347503,0.890422225343377,0.892051394175769,0.849638698905853,0.73548826938298,0.56263345626628,2.21180848191918
"61",19,5,0.429114514799997,0.910335434581539,1.08402345118669,1.30110844485141,1.49867230696684,1.65859542312057,1.83153262697383,1.73312610229207,1.12456733978905,0.246408468496091,0.549216572055827,0.818780026994889,0.95473428356515,1.16135558812221,1.19461994311433,1.09663986431054,0.872795191114194,0.558123851947081,2.60882404191949
"62",19,6,0.701159649013701,0.98454697184977,1.22509275978597,1.40817969666937,1.55819242972283,1.69843783170636,1.80069168387302,1.809448601384,1.67311013182845,0.391250163656797,0.526210651886271,0.626615526800162,0.727842522982498,0.830687241660804,0.886114127178509,0.809789449417765,0.74391366777854,0.548699646584364,2.5475893866556
"63",19,7,0.964029560883599,1.22876843769645,1.45101089447931,1.5971571194605,1.59836636718493,1.77819877877526,1.74451259216612,1.83814291597203,1.6920830658283,0.349546044978137,0.435920882437469,0.594218074710377,0.657979027559293,0.798831223132738,0.74639421550979,0.71347656091899,0.623021022477328,0.433846526104784,3.44808351137651
"64",19,8,0.652160943828602,1.02420105136933,1.31075549714956,1.49030496666037,1.63790823731259,1.79076192490684,1.93725595254313,1.83032492580811,1.54591501652533,0.367302096821271,0.729363675457076,0.829312002849865,0.880145029248877,0.885414661424262,0.810009427533402,0.690787638814069,0.461107372341098,0.376967941474462,2.83078817663668
"65",19,9,0.697986281155104,0.981872221532686,1.3376024708029,1.61756070408841,1.7098072692649,1.71695351411299,1.58362967893182,1.57179200616819,1.2863240726563,0.369747404293824,0.555888247289559,0.67377530015717,0.792285184967424,0.903729148773224,0.962339782272169,0.909527928928854,0.760091216621905,0.542357760259755,2.00531267645656
"66",2,1,0.759973321058258,1.02895719708719,1.12948480050155,1.38425997876436,1.5841204602554,1.70256894373514,1.63903515702717,1.44041206963588,0.957401683111852,0.59180229079794,0.663028885733456,0.733734720187131,0.755304283370434,0.827522003093966,0.897740674516243,0.943869973972122,0.844572709192916,0.556692955086802,1.87145190397031
"67",2,2,0.508837483525943,0.907738260534326,1.22921984171447,1.50978295175994,1.62812061872285,1.7286424557758,1.682582017472,1.56533068160116,0.976901340062831,0.438666767756132,0.713699568651527,0.898204778541025,0.987848478107179,0.966093343638675,0.959136262629088,0.896465508288628,0.830316213443375,0.288946962914569,2.90991888529354
"68",2,3,0.586812600105003,0.930357503854112,1.3822413933059,1.69410492264587,1.8730198272332,1.86071500770822,1.76666092743109,1.63986471244094,1.35162077920064,0.47517050147707,0.706811596707001,0.80403403715687,0.776999962220781,0.764304248347602,0.747404471327823,0.705113266561685,0.630720837901304,0.477704075956148,2.25093336482794
"69",2,4,0.708451652064531,0.957688709926144,1.24759076143886,1.79891062928011,1.62959808658991,1.60120754954778,1.51041404989819,1.44538753931325,1.36677479813058,0.437171921839733,0.536919865190896,0.688238675703645,0.887771451438277,0.902342619198524,0.932591625688152,0.780166144206271,0.605275242050995,0.522348697430649,2.83343181568991
"70",2,5,0.756427727427277,1.20870168433087,1.54646412065163,1.8143093602588,1.88301627260851,2.05124579918833,2.07005175622714,1.94492697276102,1.54786060260996,0.19891620965465,0.446984185874047,0.641428721016468,0.737533069959621,0.763226871870052,0.793392348292712,0.794528593455655,0.6772021171143,0.444748348617933,2.65703967271071
"71",2,6,1.29451732606757,1.2292708763891,1.29954963202681,1.28445271414908,1.28575417258682,1.34969916382756,1.28072186662757,1.26310879577022,1.02858598529029,0.457594153068364,0.550199240330856,0.719081406109446,0.751737423602231,0.797510502514713,0.798603590966354,0.818210865067672,0.835631962265706,0.696194866653205,3.15994108682178
"72",2,7,0.922002555705304,1.34559142048604,1.478669131413,1.61660124940522,1.51499348772891,1.48595074201089,1.52704580871853,1.53190021578379,1.09140462294818,0.288720572263175,0.564392371801376,0.667662204427807,0.759893302552051,0.77290912383075,0.793965098000593,0.757883264329265,0.727798593880021,0.579418231302861,3.61820719708972
"73",2,8,0.610154030004789,0.921517347950254,1.1285827005446,1.33083766479991,1.51581896183774,1.60590441618713,1.68013745441921,1.5995634497402,1.23288066589572,0.27658872106929,0.455730062041961,0.682260787063385,0.964100647872864,1.13665654310579,1.06550790383913,0.993068000701938,0.827140593337775,0.629577221145425,2.82719641926605
"74",2,9,1.21042535282016,1.35904069640647,1.40033330787668,1.46626828425652,1.49110093769828,1.51032007944248,1.39890614388577,1.31222971750477,0.949159198218355,0.223176983144782,0.445192756743158,0.677509582769331,0.827455447745592,0.908702657621562,0.994557247310693,0.965939050747649,0.84348763116049,0.623719359909998,2.94947224787179
"75",21,1,0.824569971889221,1.14850001074895,1.27240267910602,1.37155910419805,1.47237289893138,1.39967723742299,1.40956430459355,1.38396080116921,1.19142016939109,0.301323570952927,0.471965593213008,0.658177799993656,0.815297161998158,0.903993213125431,0.955451322949904,1.01707955329937,1.00555941677548,0.931758542169331,2.01113233371096
"76",21,2,0.700879401829594,1.03357572952644,1.37280058434538,1.67278963754939,1.80174420793121,1.94000677737818,1.84001042631017,1.70452732880627,1.2971084530586,0.360196354899894,0.614832834137448,0.81897972964451,0.911357345038506,0.866339162770743,0.838396842742477,0.732048067334348,0.520902867630771,0.329149332646265,2.80532749602549
"77",21,3,0.515597550710547,0.787331395003943,0.99709085375674,1.23398702570483,1.45263925871419,1.62627755193001,1.78799769408033,1.79725718067738,1.33336606997407,0.394035297341192,0.533826330280868,0.72533968447088,0.840911821695988,0.976299419051197,1.04455267061043,0.998316596973531,0.858525564033856,0.56024694378767,3.14822544299434
"78",21,4,0.42171110115708,0.631310835776362,0.948748702122844,1.13849844254741,1.32476430643985,1.48761527922097,1.66561706389764,1.79678906635169,1.4735177323235,0.417542060113774,0.697221875474933,0.970043666166538,1.13824070841099,1.14997909482214,0.955370683152608,0.804781220524868,0.66593014430827,0.526090236627691,4.01861106962366
"79",21,5,0.440075575206927,0.725472986417993,0.86267168911476,1.04025397481288,1.23734996946128,1.39421306611953,1.58377481020798,1.75480229791894,1.50315832921647,0.31996834956782,0.527783150445928,0.710117946477577,0.81767382258149,0.98449518143654,1.16315183939955,1.18139421772385,1.11575131816015,0.750221516387254,4.36157764915751
"80",21,6,0.539006654599198,0.847996244646817,1.13062971271457,1.37310603492936,1.40780027549922,1.46175844522528,1.58098395701785,1.57820458415451,1.24975938406357,0.47342915172714,0.530027838870737,0.659374705222904,0.778307413140649,0.929576837646436,1.14434998912734,1.06582874383012,0.823322235648857,0.524254772782091,3.48475852795641
"81",21,7,0.58271043061418,0.880495669302939,1.07929751775266,1.2603959252035,1.48335907363283,1.65638515735776,1.75375408285162,1.67971138936572,1.42295582368381,0.287232697333683,0.44168739539629,0.559429787618843,0.743955699778498,0.9376651678468,1.12970888353072,1.13470614068387,0.87587890506285,0.654618769268609,3.82294117419277
"82",21,8,0.678158469486216,1.10259969527849,1.38503412815033,1.598102804678,1.77906203750166,1.79766095024824,1.78415041929082,1.61670171742458,1.3393556663419,0.216839946187492,0.364186109047614,0.526844851733017,0.777050103434546,0.941067405833771,1.01475200048175,1.00224864582742,0.835422118257238,0.596338635060388,3.17234285337925
"83",21,9,0.411529762540195,0.689866286750683,0.942974932797788,1.20338638568166,1.41093547544029,1.62811099239284,1.86918660444754,1.86686298409038,1.55964717829813,0.280585652801412,0.561171305602824,0.873350615397594,0.980056803340003,1.05908995356434,1.14602968599384,1.17370272371191,0.936570601211606,0.487071601299889,2.83481683572757
"84",22,1,0.678911130199755,0.989851148445189,1.38065438074543,1.59459069229131,1.57177497433069,1.51044645567164,1.5218625158446,1.320752869608,1.05331197719402,0.40969878017273,0.544608399314403,0.683782638635631,0.780359883317232,0.825794490614792,0.910299579711193,0.849938801785193,0.84142596381139,0.663902947644785,3.16451219708243
"85",23,1,0.595672476431309,0.986858546839228,1.14133120253273,1.21356309920532,1.28246380199709,1.33580874620779,1.44916102239084,1.2102319053245,0.804605567864414,0.66362577545881,0.805507129511057,0.924482705456215,0.925032810867726,0.917927282635708,0.884095799827773,0.90374678758342,0.90101154123174,0.766220434705636,2.19492059192943
"86",24,1,0.721154774163163,0.971561295405748,1.23944644484518,1.34864268998339,1.46850167285469,1.49713357635588,1.35882779902868,0.968656796628576,0.902653675527775,0.657643067569002,0.769834173668565,0.871698173004849,0.930846676991524,0.867476968115359,0.86653461962321,0.825226192570097,0.836960367629872,0.729003375303254,2.10234075933434
"87",25,1,0.32034561125672,0.793148740711157,1.32758820540538,1.79469620625503,1.9982594445365,2.15396211148638,2.17343300399937,1.939051598098,1.37381545683522,0.380112225030028,0.621478222616519,0.725731312661222,0.859642053553522,0.837183904904436,0.773828285557541,0.721712486060859,0.664782691064277,0.5541252677206,2.61137764818221
"88",26,1,0.629507994284776,1.1144674223107,1.31226894846753,1.50688339121057,1.49546722469666,1.47074624964586,1.42003958390387,1.27930202744139,1.03903978151791,0.284206898708195,0.497050109548045,0.668191430005472,0.80398816403283,0.925249099633318,0.948621044667705,0.944826897746538,1.06102897078547,1.07114669590858,2.42741088578644
"89",27,1,0.729010423534092,1.11238427032266,1.38823451012516,1.44565038586383,1.41019576044777,1.44509813313149,1.54586584835864,1.30828672290712,1.03188423037229,0.462180311693107,0.595033910669056,0.656959850388482,0.725641681866834,0.811204038530297,0.877069381073728,0.890028911859244,0.880456531165397,0.841614755657672,2.34854678638653
"90",3,1,0.86256743095981,1.45802245300575,1.65623635888094,1.86200237723086,1.82755312571152,1.57304693531316,1.31017532801971,1.16407099822014,0.824748775413283,0.490292656331812,0.641266291842671,0.732271305582666,0.823276319322662,0.856439744787098,0.843037146633885,0.711824338434248,0.637035096179967,0.529814310954258,2.16861814370486
"91",3,2,0.397300466938788,0.757826682578533,1.01241765311036,1.41300875164106,1.71014701135247,1.68676620793628,1.5373599875879,1.20604534362369,0.703560126501454,0.664694853607885,0.850773047025145,0.937232244259694,0.984257501640946,0.99048510943334,1.02921446592326,1.08662664579037,0.96282453029705,0.491776459138787,2.25494859613907
"92",3,3,0.563721813805815,0.973194903054603,1.47454248694036,1.84094205137643,2.22664232091984,2.33326694791526,2.15061637275312,1.93964240513672,1.12406992712539,0.534349429696973,0.878391510046409,0.869958803282591,0.766820312863596,0.680578125008001,0.634646128825597,0.593409266079458,0.418113988113661,0.310311253294167,2.64717800943747
"93",3,4,1.17158867145192,1.43525849140934,1.60309530013264,1.64421574840007,1.75863038479268,1.66159300896496,1.48747629914642,1.3917293139547,0.93278037774823,0.343765484395554,0.48916304346059,0.51514019878388,0.573292448705768,0.65847177809048,0.764412510621445,0.836078300274744,0.959664532053993,0.907744089928044,2.19624486248384
"94",3,5,0.448239090437015,0.839163159015731,1.26748770795961,1.64205918555615,1.87374787561047,2.04115954962595,2.02820700231334,1.92992954957891,1.76956082316466,0.277663858728985,0.451426870412919,0.632966509912494,0.764977954225563,0.834903861715393,0.897021269964106,0.850425245921203,0.747512413065843,0.583438314725988,2.86008435346573
"95",3,7,0.854712110791688,1.07040714768933,1.29545539538922,1.4296132816291,1.51943266475298,1.51843308497259,1.56691270432164,1.53799628924599,1.24690437748442,0.580352197581333,0.748110693908244,0.765229481485839,0.710443739304011,0.713873118753053,0.772088240383923,0.758370722587755,0.617991042517951,0.433113758613445,3.22364479176716
"96",31,1,0.701141902285539,0.890370540686466,1.10751789304573,1.29128910302209,1.37376590707651,1.34404964250948,1.2961311537608,1.16330673851353,0.849124041584441,0.592770652976254,0.823002878234788,0.921495696271111,1.00790767868509,1.01273353527418,1.02120307552952,1.01334891296003,0.855034906198591,0.564382308678708,2.06766902447842
"97",32,1,0.753415932173153,1.22855007626178,1.44941942550343,1.78804951578075,1.94505024520169,1.95501315184748,1.67731581804095,1.34279049966954,0.987170459450559,0.329768132387744,0.550922912788411,0.687399782679819,0.759817745311172,0.843924793502391,0.837237549205352,0.804372190038195,0.750901419581786,0.503568524311002,2.41787375609825
"98",34,1,0.942202883553059,1.29566265766877,1.43609196093388,1.52312396745898,1.58252347154554,1.58012897393388,1.5807355799955,1.35207702139946,1.07722062221581,0.413433957629071,0.641980773003233,0.725820116046126,0.779792092212924,0.80621138252823,0.779792092212924,0.732700305850293,0.68677384165867,0.548946559131569,2.49347017960774
"99",5,1,0.655219631643275,0.923285941572385,1.18708722305077,1.29593816655408,1.28952208027603,1.26804858920673,1.20318306955177,1.08791603977041,0.678250785277195,0.637958312458478,0.86868744487331,0.977116411922579,0.992243318718033,0.997295355157442,1.00548666279475,0.944336580111967,0.978372120401738,0.865533572414026,1.7178792855446
"100",5,2,0.717681658927707,1.20514532773536,1.64572423066053,2.03548832115129,2.25081350328514,2.15407919955994,1.99060305263732,1.69957276324027,0.962930353404204,0.236459701020364,0.448461797791003,0.667820177304901,0.843122295223568,0.976865487386044,0.959737020924806,0.816221645044348,0.58057629266715,0.318003145155959,2.59038331500758
"101",5,3,1.0202022379855,1.35535230350615,1.54203021018358,1.62265657483013,1.73958519809495,1.68853089805316,1.54400168115723,1.40443513257429,0.890425062513096,0.214945470939323,0.463855056263157,0.718411945081972,0.887295760500616,0.952761657887938,0.901025934400737,0.854964278880058,0.778203774502772,0.61496726257911,2.28282742397234
"102",5,4,0.870678700284341,1.42904143582282,1.73329763373653,1.88699290957742,1.8967317944996,1.87244055279714,1.64587155184889,1.45489985440931,1.23157714843511,0.349045020290015,0.583945267530645,0.689980913846021,0.847051172976528,0.875256831181781,0.779930520716213,0.664507678779401,0.49536187222977,0.318151010287073,2.7548730797117
"103",5,5,0.698934093848378,1.08626007085602,1.56619481529857,1.74024881950276,1.84974849420567,1.71219438156912,1.64200974964518,1.77393355985906,1.43427100508469,0.284457921069197,0.426705990694288,0.590891296204603,0.661442058302377,0.775943728532569,0.873056126414717,0.862660781186876,0.743534711057535,0.563144896809703,3.14617416411471
"104",5,8,0.399762575027822,0.72373073100846,1.09432607953211,1.43282738643524,1.63417208150732,1.82966314634673,1.82683725588957,1.73630783660153,1.32483800110836,0.277622280991576,0.509590060643619,0.761981176839196,0.853329913636052,0.951870525752712,1.0167960742199,1.04683506726837,0.886984711403314,0.598554750373137,3.5454832771339
"105",5,9,0.725238922441525,0.931750625345691,1.1679187892771,1.38951957113423,1.55256991099036,1.69816347067483,1.56765898994332,1.49104980983371,1.05940583850895,0.493716104248257,0.599003445241901,0.753110996870353,0.856328613723815,0.96649797578094,0.962311129237826,0.955343584613246,0.900946178394591,0.458846782283525,1.99368468718985
"106",6,1,0.587817613886648,1.04407097309639,1.38540029177217,1.68754723428872,1.72427046550072,1.94944617116891,1.95305291709152,1.79419215350034,1.23842539542595,0.318978853785294,0.508578283772,0.622918842145259,0.736291233216459,0.882742673774701,0.925890663203165,0.784441420372231,0.626952872570508,0.512580041953847,3.11655636312514
"107",6,2,0.591603703424007,0.875703018579103,1.16620560845402,1.38008970426767,1.51522088111346,1.69083253032592,1.51735530602007,1.22898714105176,0.74594470442925,0.377276843388617,0.552499045536925,0.787616119826882,1.11931258881839,1.27755443534261,1.24715786017251,1.13808950083958,0.944959688152549,0.397821335090808,2.68643134796918
"108",6,3,1.08128232451345,1.42178006760853,1.53524084098563,1.66197525519526,1.67040113154981,1.80556142211399,1.78720917087599,1.67201705304247,1.23814213226471,0.322820761637184,0.570934691611709,0.78801165928356,0.802144156027531,0.745750495386801,0.72880058771638,0.618876119473088,0.558256342442682,0.442651610234771,2.35924537927571
"109",6,5,0.818393302611798,1.27249203388979,1.83670665134019,2.16432727253972,2.43618468238123,2.10047698499825,1.95227661214794,1.61233730513408,1.0427626488179,0.543593387665627,0.551627152231685,0.575691423973336,0.577986785277924,0.512643032010211,0.543593387665627,0.561956278102332,0.59061127245316,0.455296021352031,3.4229020125324
"110",6,6,0.303397285674939,0.866843600158456,1.13215923961435,1.26568807571858,1.35060204430914,1.37053413998974,1.40683324106662,1.08471923139892,0.863319022263714,0.987848365964431,1.0741046663299,1.0554753470202,1.05743716746121,1.00059222395112,1.02019447860148,0.955518203087061,0.881032825367615,0.637017451977935,1.6784283009097
"111",7,1,0.689825895215503,0.973018809560564,1.24948713477705,1.4718078988365,1.68652695344626,1.81587296346717,2.03907084784774,1.84125097809153,1.39912386155983,0.944481320057723,0.855364974570874,0.82633482431024,0.76967883716399,0.706807036718476,0.668821511000755,0.626669088219453,0.510594530238391,0.308143188928304,2.10274978316093
"112",7,2,0.50521470934267,0.784509304131945,0.961081913301019,1.32623980238279,1.43674272246193,1.46732042980934,1.54724564254107,1.56103291237182,1.46827598316395,0.314585577119753,0.502847860651058,0.725344536020628,0.810930515616289,0.920136613285605,0.985353935884874,1.04320844579679,1.00488957392759,0.866339711825475,3.4556904531234
"113",7,3,0.682738667396071,0.907085242339386,1.21076247854769,1.47858707189087,1.72326798159351,1.67778328542134,1.64300087070145,1.43122947646456,1.26293610062753,0.374895863077233,0.572693195724964,0.701099505669091,0.740996051929417,0.776889776386727,0.973897078415442,0.89173389403774,0.74257611316745,0.545568811138735,3.4454657350418
"114",7,4,0.719941066297444,1.23139537677413,1.66330760002065,1.95893684020395,2.09535086459704,2.14842260319378,2.20896369759301,2.11042061753192,1.8377236100756,0.226949137831282,0.403442204555723,0.50904913457178,0.614604473513085,0.726505514648809,0.704476125729974,0.691836312415888,0.5342771701252,0.490115210138026,3.37955589730817
"115",7,5,0.58716121239723,0.922146739550653,1.19009572801534,1.48505649824578,1.65323934383841,1.66753389988233,1.81008512774102,1.73309169139411,1.31549348862133,0.311196715612721,0.659226267732859,0.930058231008684,1.02033555210063,0.98707344368455,0.87661374642416,0.756645045007483,0.624799791460911,0.432368597147133,2.6676599072312
"116",7,8,0.700390303550331,1.07453143449949,1.48970027276488,1.70186085925207,1.83875138270142,1.93461419883453,1.92088569677102,1.78628325699893,1.35509783299278,0.463673975703636,0.693134661609898,0.795113737260399,0.825337812986241,0.760199183184504,0.688413120489314,0.625138256919387,0.509926441023039,0.2870821252397,3.13704162094865
"117",7,9,0.808374467698152,1.09797382789974,1.36103353491859,1.5516516728726,1.70972117956477,1.79059200954613,1.73742924515178,1.63611119809566,1.28859196585376,0.331729236038399,0.54757009890847,0.696447393727209,0.783355459230534,0.807341428159618,0.823343026609568,0.7753710887514,0.683435827020473,0.505578224536732,2.6956943327122
"118",8,1,0.458164010710595,0.722751469323791,1.04562533675342,1.48474364768175,1.9606398616379,2.32144094156499,2.64546411846424,2.48644894398898,2.01761277391763,0.480699655277162,0.662275037738475,0.676625245964324,0.739714449695987,0.720580838728187,0.716767044650146,0.631700044536552,0.504616668986911,0.419549668873317,2.92581353551794
"119",8,2,0.422268055873019,0.704557750683159,0.92437562138931,1.18428605970853,1.40911550136632,1.63645072849992,1.83630872179525,2.09613275371876,2.14365627136356,0.302694531140639,0.589536550310999,0.694312809685371,0.740883815881318,0.950436334630063,1.06262857599912,0.982209395102681,0.85518518974427,0.71866988816331,2.88338142510388
"120",8,5,0.771636537001524,1.12677507140825,1.39026495177454,1.65123796569463,1.68387044099691,1.56340800557254,1.50439182683437,1.34504814424132,1.0652420262239,0.262825640837179,0.465001839073474,0.783180774002726,1.09818201982669,1.13860359199393,1.06838691337713,0.91941138112933,0.733157797119519,0.435206732623914,2.3537040696751
"121",9,1,0.892832608950402,1.01745436005357,1.14662290727883,1.27923120461386,1.40041320560726,1.35126827013098,1.22379982928181,1.04260011947667,0.810515830461573,0.51555780335544,0.722973271780646,0.910526666081232,0.956259247412057,0.987686776924289,0.981678343842704,0.978440638969725,0.943323993808955,0.706800313304564,1.86814014581997
"122",9,2,0.684148342434425,1.05323041749973,1.56412344591151,1.60459638539569,1.69013438634397,1.65184075898587,1.65075110292284,1.59447815052465,1.28727297332457,0.367467815183397,0.505942386298621,0.719828756377016,0.822543242408933,0.771645640589418,0.790490929643603,0.733955062481047,0.717009623705495,0.617144913091528,2.6805539150673
"123",9,3,0.886302949942588,1.08906776073304,1.25322772433907,1.3707401642639,1.47797585088732,1.54383643508854,1.21310370492747,1.26350447764048,1.16788599040126,0.394393716223283,0.569918270214181,0.777951280386194,0.841877541080013,0.94914841001532,0.875476648929543,0.841877541080013,0.818059115934325,0.630607758214641,2.77919154499037
"124",9,5,0.576827254863585,1.00875910899744,1.24287869370187,1.42391447952145,1.54093253932738,1.47941876609131,1.57106343775102,1.52766158960616,1.4648958399813,0.294099440412186,0.4330983938137,0.703045533812148,0.909539487281441,1.10193638377455,1.12911182927409,0.936747793053652,0.797748839652139,0.530824844739492,3.01392449328955
"125",9,6,0.763281257073038,0.975776457062966,1.23356059576138,1.37461937585478,1.48584000157809,1.47683225686259,1.53832262530242,1.55727642147462,1.38093730791218,0.456297829420285,0.653465382439434,0.796230846447929,0.904271572790049,0.869522207650151,0.851396387137774,0.781134205178789,0.734292750539465,0.478191653381567,2.5021513098608
"126",9,7,0.946336649347512,1.09708196716339,1.15533791173109,1.1965040127817,1.13126165419758,1.28662875359355,1.21515236404092,1.0799921236463,0.750555831948854,0.43306457325296,0.752890843005341,0.952369678095673,1.02638081143742,1.02894094498069,1.03861020968543,1.01093537766398,0.932417562960949,0.797280596507624,1.8986923630784
"127",9,8,0.787746147293552,1.00810143432501,1.1703674191107,1.32393201048148,1.45751340180283,1.67960896751727,1.74033869259239,1.51134202175578,1.13130116315823,0.37898194886946,0.537723904760857,0.677163557041111,0.820170709743987,0.819461934825585,0.902412226109213,0.923155705387773,0.782274877440102,0.530588903915612,3.47875707767252
"128",9,9,0.710337261753711,1.09739226028983,1.22711404971231,1.34245894534013,1.47877564017301,1.59128472647436,1.5970222941814,1.56747711794283,1.59603305836984,0.374299828331745,0.473794621767319,0.591464351373276,0.690180218972977,0.832308219825361,0.824415104688509,0.801514685113829,0.886807064141977,0.698852259945702,3.35680685389137
